{
  "artist": "Jerry Mane",
  "built_at_utc": "2026-03-02",
  "data_sources": [
    "labelgrid"
  ],
  "record_count": 5366,
  "currency_warning": null,
  "summary": {
    "total_revenue_usd": 110.46,
    "total_units": 92300,
    "mom_revenue_growth_pct": -70.3
  },
  "trends": {
    "monthly": {
      "2016-07": {
        "revenue": 0.0146272,
        "quantity": 2.0
      },
      "2016-10": {
        "revenue": 0.34367926999999987,
        "quantity": 50.0
      },
      "2016-11": {
        "revenue": 0.26116964000000004,
        "quantity": 56.0
      },
      "2016-12": {
        "revenue": 0.7048331700000003,
        "quantity": 36.0
      },
      "2017-01": {
        "revenue": 0.21456463999999997,
        "quantity": 50.0
      },
      "2017-02": {
        "revenue": 0.14993079,
        "quantity": 38.0
      },
      "2017-03": {
        "revenue": 0.19051032999999995,
        "quantity": 67.0
      },
      "2017-04": {
        "revenue": 0.23524217000000003,
        "quantity": 62.0
      },
      "2017-05": {
        "revenue": 0.23615693,
        "quantity": 80.0
      },
      "2017-06": {
        "revenue": 0.36013829999999997,
        "quantity": 72.0
      },
      "2017-07": {
        "revenue": 0.53595402,
        "quantity": 101.0
      },
      "2017-08": {
        "revenue": 0.18609584999999992,
        "quantity": 68.0
      },
      "2017-09": {
        "revenue": 0.11083622999999998,
        "quantity": 39.0
      },
      "2017-10": {
        "revenue": 0.17673274,
        "quantity": 39.0
      },
      "2017-11": {
        "revenue": 0.15634617999999997,
        "quantity": 48.0
      },
      "2017-12": {
        "revenue": 0.9834702200000001,
        "quantity": 121.0
      },
      "2018-01": {
        "revenue": 0.2657053600000001,
        "quantity": 101.0
      },
      "2018-02": {
        "revenue": 0.7875048099999993,
        "quantity": 78.0
      },
      "2018-03": {
        "revenue": 2.1324096299999997,
        "quantity": 107.0
      },
      "2018-04": {
        "revenue": 0.23498929999999985,
        "quantity": 106.0
      },
      "2018-05": {
        "revenue": 0.16234738,
        "quantity": 95.0
      },
      "2018-06": {
        "revenue": 0.21681747999999998,
        "quantity": 115.0
      },
      "2018-07": {
        "revenue": 9.421183359999993,
        "quantity": 161.0
      },
      "2018-08": {
        "revenue": 9.349598159999994,
        "quantity": 185.0
      },
      "2018-09": {
        "revenue": 2.0263215300000006,
        "quantity": 198.0
      },
      "2018-10": {
        "revenue": 2.1963249000000005,
        "quantity": 163.0
      },
      "2018-11": {
        "revenue": 0.15854829999999992,
        "quantity": 70.0
      },
      "2018-12": {
        "revenue": 0.2430664499999999,
        "quantity": 99.0
      },
      "2019-01": {
        "revenue": 0.9506456299999989,
        "quantity": 170.0
      },
      "2019-02": {
        "revenue": 0.7623680699999986,
        "quantity": 138.0
      },
      "2019-03": {
        "revenue": 1.9472508600000005,
        "quantity": 216.0
      },
      "2019-04": {
        "revenue": 0.9695233599999997,
        "quantity": 237.0
      },
      "2019-05": {
        "revenue": 1.165575580000001,
        "quantity": 195.0
      },
      "2019-06": {
        "revenue": 2.6266588300000007,
        "quantity": 398.0
      },
      "2019-07": {
        "revenue": 6.043625320000003,
        "quantity": 5459.0
      },
      "2019-08": {
        "revenue": 4.5767355300000006,
        "quantity": 9854.0
      },
      "2019-09": {
        "revenue": 3.83331838,
        "quantity": 3182.0
      },
      "2019-10": {
        "revenue": 2.57243279,
        "quantity": 2104.0
      },
      "2019-11": {
        "revenue": 5.2276367,
        "quantity": 5031.0
      },
      "2019-12": {
        "revenue": 3.934846330000001,
        "quantity": 2554.0
      },
      "2020-01": {
        "revenue": 3.351105560000002,
        "quantity": 1736.0
      },
      "2020-02": {
        "revenue": 1.8864236200000015,
        "quantity": 1432.0
      },
      "2020-03": {
        "revenue": 2.724781890000004,
        "quantity": 1716.0
      },
      "2020-04": {
        "revenue": 3.2252658500000027,
        "quantity": 1728.0
      },
      "2020-05": {
        "revenue": 2.30588061,
        "quantity": 1590.0
      },
      "2020-06": {
        "revenue": 1.9357673400000004,
        "quantity": 1973.0
      },
      "2020-07": {
        "revenue": 2.2741628,
        "quantity": 2761.0
      },
      "2020-08": {
        "revenue": 2.356831790000002,
        "quantity": 2021.0
      },
      "2020-09": {
        "revenue": 3.312852980000003,
        "quantity": 2435.0
      },
      "2020-10": {
        "revenue": 2.56081909,
        "quantity": 1417.0
      },
      "2020-11": {
        "revenue": 13.765544529999993,
        "quantity": 31709.0
      },
      "2020-12": {
        "revenue": 4.092128200000003,
        "quantity": 9837.0
      }
    },
    "total_revenue": 110.46,
    "total_quantity": 92300,
    "mom_revenue_growth": -70.3
  },
  "anomalies": [
    {
      "type": "spike",
      "period": "2020-12",
      "value": 4.09,
      "baseline": 2.09,
      "pct_change": 96.2,
      "message": "Revenue spike of 96% vs baseline in 2020-12"
    }
  ],
  "top_releases": [
    {
      "release": "Rolling Rascals Volume 1",
      "revenue": 60.65
    },
    {
      "release": "Koto Chop EP",
      "revenue": 11.6
    },
    {
      "release": "The Music EP",
      "revenue": 7.99
    },
    {
      "release": "",
      "revenue": 5.76
    },
    {
      "release": "Silence (feat. Eleni Mylona & AtheoryAll)",
      "revenue": 3.97
    }
  ],
  "top_territories": [
    {
      "territory": "",
      "revenue": 46.34
    },
    {
      "territory": "US",
      "revenue": 18.83
    },
    {
      "territory": "GB",
      "revenue": 10.78
    },
    {
      "territory": "JP",
      "revenue": 5.83
    },
    {
      "territory": "AU",
      "revenue": 5.43
    }
  ],
  "top_retailers": [
    {
      "retailer": "YouTube-CIDAR",
      "revenue": 46.3
    },
    {
      "retailer": "iTunesReporter",
      "revenue": 18.34
    },
    {
      "retailer": "Spotify-Streaming",
      "revenue": 17.64
    },
    {
      "retailer": "Juno Download",
      "revenue": 9.42
    },
    {
      "retailer": "Beatport",
      "revenue": 6.26
    }
  ],
  "insights": {
    "executive_summary": "Jerry Mane has generated $110.46 total revenue from 92,300 units across multiple electronic genres, but faces severe momentum challenges with -70.3% month-over-month revenue decline. Peak performance occurred in November 2020 ($13.77) and July-August 2018 (~$9.4 each month), indicating inconsistent release patterns.",
    "trend_flags": [
      {
        "flag": "Severe Revenue Decline",
        "detail": "Month-over-month revenue dropped 70.3%",
        "data_point": "-70.3% MoM growth"
      },
      {
        "flag": "High Volume, Low Value",
        "detail": "92,300 units generated only $110.46, indicating very low per-unit revenue",
        "data_point": "$0.0012 average per unit"
      },
      {
        "flag": "YouTube Dependency",
        "detail": "YouTube-CIDAR accounts for 41.9% of total revenue",
        "data_point": "$46.30 of $110.46 total"
      }
    ],
    "anomaly_alerts": [
      {
        "alert": "November 2020 Mega-Spike",
        "detail": "Revenue jumped to $13.77 with 31,709 units - 12x the typical baseline",
        "suggested_action": "Analyze what drove this spike and attempt to replicate success factors"
      },
      {
        "alert": "Post-2018 Revenue Volatility",
        "detail": "Revenue swings from $9.42 peaks to sub-$1 troughs indicate unstable performance",
        "suggested_action": "Implement consistent release schedule to smooth revenue fluctuations"
      },
      {
        "alert": "Territory Data Gap",